<?xml version="1.0"?>
<data grt_format="2.0">
  <value _ptr_="00000142F069F640" type="list" content-type="object" content-struct-name="db.mgmt.Connection">
    <value type="object" struct-name="db.mgmt.Connection" id="{758BF639-9A3C-49ED-B5D7-4E930B038C9B}" struct-checksum="0x96ba47d8">
      <link type="object" struct-name="db.mgmt.Driver" key="driver">com.mysql.rdbms.mysql.driver.native</link>
      <value type="string" key="hostIdentifier">Mysql@sql.freedb.tech:3306</value>
      <value type="int" key="isDefault">0</value>
      <value _ptr_="00000142F0AEBBE0" type="dict" key="modules"/>
      <value _ptr_="00000142F0AEBF40" type="dict" key="parameterValues">
        <value type="string" key=""></value>
        <value type="string" key="SQL_MODE"></value>
        <value type="string" key="hostName">sql.freedb.tech</value>
        <value type="int" key="lastConnected">1696514021</value>
        <value type="string" key="password"></value>
        <value type="int" key="port">3306</value>
        <value type="string" key="schema"></value>
        <value type="string" key="serverVersion">8.0.34-0ubuntu0.22.04.1</value>
        <value type="string" key="sslCA"></value>
        <value type="string" key="sslCert"></value>
        <value type="string" key="sslCipher"></value>
        <value type="string" key="sslKey"></value>
        <value type="int" key="useSSL">1</value>
        <value type="string" key="userName">freedb_hosi123</value>
      </value>
      <value type="string" key="name">FSD-09</value>
      <link type="object" struct-name="GrtObject" key="owner">{545D992F-8469-4B7E-B909-6EA878A6A7E5}</link>
    </value>
    <value type="object" struct-name="db.mgmt.Connection" id="{788D50C6-D0B5-4979-95FE-CB80C0C6A32A}" struct-checksum="0x96ba47d8">
      <link type="object" struct-name="db.mgmt.Driver" key="driver">com.mysql.rdbms.mysql.driver.native</link>
      <value type="string" key="hostIdentifier">Mysql@sql.freedb.tech:3306</value>
      <value type="int" key="isDefault">0</value>
      <value _ptr_="00000142F0AEC1E0" type="dict" key="modules"/>
      <value _ptr_="00000142F0AECF60" type="dict" key="parameterValues">
        <value type="string" key="DbSqlEditor:LastDefaultSchema">freedb_FSD-09</value>
        <value type="string" key="SQL_MODE"></value>
        <value type="string" key="hostName">sql.freedb.tech</value>
        <value type="int" key="lastConnected">1696514006</value>
        <value type="string" key="password"></value>
        <value type="int" key="port">3306</value>
        <value type="string" key="schema"></value>
        <value type="string" key="serverVersion">8.0.34-0ubuntu0.22.04.1</value>
        <value type="string" key="sslCA"></value>
        <value type="string" key="sslCert"></value>
        <value type="string" key="sslCipher"></value>
        <value type="string" key="sslKey"></value>
        <value type="int" key="useSSL">1</value>
        <value type="string" key="userName">freedb_hosi123</value>
      </value>
      <value type="string" key="name">Project FSD09 Database</value>
      <link type="object" struct-name="GrtObject" key="owner">{545D992F-8469-4B7E-B909-6EA878A6A7E5}</link>
    </value>
    <value type="object" struct-name="db.mgmt.Connection" id="{CAB790C4-87FF-4037-AE0E-3D23345ABC93}" struct-checksum="0x96ba47d8">
      <link type="object" struct-name="db.mgmt.Driver" key="driver">com.mysql.rdbms.mysql.driver.native</link>
      <value type="string" key="hostIdentifier">Mysql@localhost:3306</value>
      <value type="int" key="isDefault">0</value>
      <value _ptr_="00000142F0AEB880" type="dict" key="modules"/>
      <value _ptr_="00000142F0AEC060" type="dict" key="parameterValues">
        <value type="string" key=""></value>
        <value type="string" key="DbSqlEditor:LastDefaultSchema"></value>
        <value type="string" key="SQL_MODE"></value>
        <value type="string" key="hostName">localhost</value>
        <value type="int" key="lastConnected">1696964198</value>
        <value type="string" key="password"></value>
        <value type="int" key="port">3306</value>
        <value type="string" key="schema"></value>
        <value type="string" key="serverVersion">8.0.34</value>
        <value type="string" key="sslCA"></value>
        <value type="string" key="sslCert"></value>
        <value type="string" key="sslCipher"></value>
        <value type="string" key="sslKey"></value>
        <value type="int" key="useSSL">1</value>
        <value type="string" key="userName">root</value>
      </value>
      <value type="string" key="name">local fsd09</value>
      <link type="object" struct-name="GrtObject" key="owner">{545D992F-8469-4B7E-B909-6EA878A6A7E5}</link>
    </value>
    <value type="object" struct-name="db.mgmt.Connection" id="{EED4302D-5544-43D2-A5EC-CEBF32F21B1C}" struct-checksum="0x96ba47d8">
      <link type="object" struct-name="db.mgmt.Driver" key="driver">com.mysql.rdbms.mysql.driver.native</link>
      <value type="string" key="hostIdentifier">Mysql@sql.freedb.tech:3306</value>
      <value type="int" key="isDefault">0</value>
      <value _ptr_="00000142F0AEC480" type="dict" key="modules"/>
      <value _ptr_="00000142F0AED080" type="dict" key="parameterValues">
        <value type="string" key="SQL_MODE"></value>
        <value type="string" key="hostName">sql.freedb.tech</value>
        <value type="int" key="lastConnected">1696925043</value>
        <value type="string" key="password"></value>
        <value type="int" key="port">3306</value>
        <value type="string" key="schema"></value>
        <value type="string" key="serverVersion">8.0.34-0ubuntu0.22.04.1</value>
        <value type="string" key="sslCA"></value>
        <value type="string" key="sslCert"></value>
        <value type="string" key="sslCipher"></value>
        <value type="string" key="sslKey"></value>
        <value type="int" key="useSSL">1</value>
        <value type="string" key="userName">freedb_hosi123</value>
      </value>
      <value type="string" key="name">FSD09-WebServices</value>
      <link type="object" struct-name="GrtObject" key="owner">{545D992F-8469-4B7E-B909-6EA878A6A7E5}</link>
    </value>
  </value>
</data>
